{
  "t_stat": -0.11152441868184317,
  "p_value": 0.046247405697221085,
  "effect_size": 0.06743682412771204,
  "baseline_ci_low": 0.8569954731071553,
  "baseline_ci_high": 0.8771685007564562,
  "gt_t_stat": 0.7235478915902014,
  "gt_p_value": 0.46953650068409747,
  "gt_effect_size": 0.02344447285069063,
  "gt_mean_drop": 5.720208430580169e-09,
  "hypothesis_supported": true
}